round,slice,frame,object_ref,cell,what,why,severity,owner,rule_id,evidence,action,rules_version,note
calib,C0,adasind_019560.jpg,L3,na,SPURIOUS,E1_annotator_error,P1,annotator,R04,"submission/p1_calib/compare.md; adasind_019560.jpg vùng x≈326-361,y≈776-839",rework,v1.0.0,"Tôi tách phần đầu xe xích lô (bánh trước + ghi đông, x≈326-361) thành một Bike riêng. Reference R5 (327,721)-(457,849) coi cả đầu xe lẫn thùng khách là một ThreeWheeler. Nhìn lại ảnh: phần ""xe đạp"" gắn liền với thùng đỏ, không có người dắt/ngồi → đúng là một xích lô (R04). C0 không khóa lại; bài học áp dụng ngay khi gán B3-dense: soát liên kết khung trước khi tách xe hai bánh."
calib,C0,adasind_019560.jpg,L7,na,SPURIOUS,E5_unresolved,P2,qa,R01,"submission/p1_calib/compare.md; adasind_019560.jpg crop x≈594-625,y≈785-832",keep_with_reason,v1.0.0,"Xe máy/tay ga đậu trong hiên quán, sau bánh xe đạp của người áo vàng. Phần nhìn thấy (đèn pha, gương, chắn bùn trước) cao ≈47 px, vừa qua H=40 nên tôi box. Reference không có box. Chưa đủ bằng chứng để nói reference thiếu (E0) hay tôi đọc sai: cần một người soát thứ hai zoom ảnh gốc, và cần làm rõ H đo trên phần nhìn thấy hay cả vật."
calib,C0,adasind_019560.jpg,L4+R5,na,BOX_GEOMETRY,E1_annotator_error,P2,annotator,R02,"submission/p1_calib/compare.html; L4 (358,729)-(429,848) vs R5 (327,721)-(457,849)",rework,v1.0.0,"Cùng một xích lô. Box của tôi chỉ bao thùng khách, rộng 71 px so với 130 px của reference. IoU≈0.51 nên vẫn ghép được, nhưng sát ngưỡng 0.5, chỉ cần hẹp thêm chút là thành MISSING + SPURIOUS. Nguyên nhân chung với L3: box phải bám toàn bộ phần nhìn thấy của một phương tiện trên ảnh gốc (R02), kể cả khi vật bị chia bởi màu/bóng."
r2_qa,B3-dense,adasind_199770.jpg,L9,L_only,SPURIOUS,,P1,qa,R01,submission/r2_qa/qa_review.md; submission/r2_qa/qa_overlay.html,,v1.0.0,"Pedestrian trong hiên quán tối (852,858)-(900,940); mảng đỏ có thể là hàng treo, chưa chắc là người."
r2_qa,B3-dense,adasind_199770.jpg,L10,L_only,SPURIOUS,,P1,qa,R01,submission/r2_qa/qa_review.md; submission/r2_qa/qa_overlay.html,,v1.0.0,"Pedestrian trong hiên tối (925,860)-(958,942); chỉ thấy mảng trắng như khẩu trang, thân không rõ."
r2_qa,B3-dense,adasind_199770.jpg,L1,L_only,BOX_GEOMETRY,,P1,qa,R03,submission/r2_qa/qa_review.md; submission/r2_qa/qa_overlay.html,,v1.0.0,Bike + người lái sát mép phải; đáy box kéo tới dép y≈1560 — cần xác nhận chân thuộc người lái xe này hay thuộc ego.
r2_qa,B3-dense,adasind_145860.jpg,L2,L_only,WRONG_CLASS,,P1,qa,R04,submission/r2_qa/qa_review.md; submission/r2_qa/qa_overlay.html,,v1.0.0,"Xe vàng xa, cao 58 px, mờ; gán Truck nhưng chưa loại được ThreeWheeler chở hàng."
r2_qa,B3-dense,adasind_167700.jpg,L8,L_only,SPURIOUS,,P1,qa,R04,submission/r2_qa/qa_review.md; submission/r2_qa/qa_overlay.html,,v1.0.0,Khối xám hình hộp cuối phố gán Truck; có thể là ki-ốt/quầy hàng.
r2_qa,B3-dense,adasind_167700.jpg,L7,L_only,BOX_GEOMETRY,,P2,qa,R02,submission/r2_qa/qa_review.md; submission/r2_qa/qa_overlay.html,,v1.0.0,Box xe đạp chở thùng lấy cả bánh sau bị chân người che; mép trái x≈365 có thể rộng quá phần nhìn thấy.
r2_qa,B3-dense,adasind_145860.jpg,ego_body#2,L_only,IGNORE_SCOPE,,P0,qa,R07,submission/r2_qa/qa_review.md; submission/r2_qa/qa_overlay.html,,v1.0.0,Polygon ego bao bàn chân mang dép sát vành kính; coi chân/tay người lái xe ego là ego_body là suy diễn cần xác nhận.
r1_craft,B3-dense,adasind_145860.jpg,L2,na,IGNORE_SCOPE,E2_guideline_gap,P2,guideline,R06,submission/r1_craft/compare.md; adasind_145860.jpg,keep_with_reason,v1.0.0,"Reference đặt ignore unreadable (238,859)-(281,908) lên xe vàng. Tôi và model đều thấy một chiếc Truck cao 58 px. R01 buộc box mọi vật ≥40 px, còn R06 cho phép lý do unreadable nhưng không nêu khi nào một vật ≥H được coi là không đọc được. Tôi giữ box: nó nằm trong vùng don't-care nên không làm đổi số. Đề xuất ngưỡng trong 20_guideline_patch."
r1_craft,B3-dense,adasind_167700.jpg,L10,na,IGNORE_SCOPE,E0_reference_defect,P0,qa,R07,submission/r1_craft/compare.md; adasind_167700.jpg,escalate,v1.0.0,"Reference đặt ignore ego_body là một hình chữ nhật (922,747)-(1077,1443) sát mép phải. Hình này phủ lên người phụ nữ trùm khăn (L10) và xe đạp L11, là vật thật ngoài đường, không phải thân xe ego. Ngược lại, người lái áo caro bên trái (thân xe ego thật) không được che polygon nào. Theo R10 đây là lỗi phạm vi P0. Escalate cho người giữ reference (30_escalation_ticket)."
r1_craft,B3-dense,adasind_167700.jpg,L1+R7,na,WRONG_CLASS,E1_annotator_error,P1,annotator,R04,submission/r1_craft/compare.md; adasind_167700.jpg,rework,v1.0.0,"Phóng to vùng (440-570,870-960) thì thấy đây là xe tải nhỏ: cabin ở x≈497-546, thùng hàng phía trái ở x≈468-497. Tôi chỉ box phần cabin và gán Car. Rework: Truck (468,896,546,948)."
r1_craft,B3-dense,adasind_167700.jpg,L3,na,SPURIOUS,E0_reference_defect,P1,qa,R01,submission/r1_craft/compare.md; adasind_167700.jpg,keep_with_reason,v1.0.0,"Có chiếc auto thứ hai nằm sau auto vàng, mui xám riêng, ở x≈190-252, cao 170 px. Reference chỉ có một box R6 (16-242) và box này lấn sang cả xe thứ hai. Model M8 cũng gộp hai xe làm một. Tôi giữ box của mình."
r1_craft,B3-dense,adasind_199770.jpg,L1,na,IGNORE_SCOPE,E0_reference_defect,P0,qa,R07,submission/r1_craft/compare.md; adasind_199770.jpg,escalate,v1.0.0,"Ignore ego_body của reference là hình chữ nhật (924,813)-(1080,1552). Nó nuốt trọn một ThreeWheeler thật (chính reference cũng vẽ box R4 bên trong) và chân một người đứng ở mép phải. Người lái áo caro bên trái lại không được che. Lỗi phạm vi P0 theo R10; escalate (30_escalation_ticket)."
r1_craft,B3-dense,adasind_199770.jpg,L10,na,IGNORE_SCOPE,E0_reference_defect,P0,qa,R09,submission/r1_craft/compare.md; adasind_199770.jpg,escalate,v1.0.0,Box Pedestrian của tôi nằm trong ignore ego_body hình chữ nhật của reference nên bị loại khỏi phép so. Còn việc người này có thật không thì vẫn chưa chắc (xem dòng r2_qa L10). Không phân xử được bằng reference cho đến khi ticket 30 sửa vùng ignore.
r1_craft,B3-dense,adasind_199770.jpg,L3+R5,na,BOX_GEOMETRY,E1_annotator_error,P1,annotator,R01,submission/r1_craft/compare.md; adasind_199770.jpg,rework,v1.0.0,"Phóng to 6x vùng (60-160,815-915): có hai xe máy đậu sát nhau, một xe ở x≈90-120, một xe ở x≈112-146. Tôi đã gộp cả hai vào một box. Rework: tách thành hai Bike."
r1_craft,B3-dense,adasind_199770.jpg,L4+R7,na,WRONG_CLASS,E1_annotator_error,P1,annotator,R04,submission/r1_craft/compare.md; adasind_199770.jpg,rework,v1.0.0,"Phóng to 6x: cabin trắng có kính chắn gió, trên nóc chở hàng phủ bạt. Đây là xe tải nhỏ nhìn từ phía trước, không phải xe con. Rework: đổi thành Truck."
r1_craft,B3-dense,adasind_199770.jpg,L5,na,SPURIOUS,E1_annotator_error,P1,annotator,R04,submission/r1_craft/compare.md; adasind_199770.jpg,rework,v1.0.0,"Khối mái vòm trắng (271-325,800-862) có cột đứng; không thấy bánh xe hay thân xe ba bánh. Nhiều khả năng đây là xe đẩy hoặc quầy hàng có bạt. Cả R và M đều không có box ở đây. Rework: xóa box."
r1_craft,B3-dense,adasind_199770.jpg,R4,na,MISSING,E1_annotator_error,P1,annotator,R04,submission/r1_craft/compare.md; adasind_199770.jpg,rework,v1.0.0,"Xe sát mép phải có một bánh trước với chắn bùn, thân đen có chữ hãng và mui xám. Đây là xe ba bánh nhìn chéo từ phía trước, không phải xe tay ga. Bàn chân đi dép bên dưới là của một người khác đang đứng. Rework: ThreeWheeler (925,818,1080,1305) và Pedestrian (955,1285,1080,1562)."
r1_craft,B3-dense,adasind_199770.jpg,R6,na,MISSING,E1_annotator_error,P1,annotator,R01,submission/r1_craft/compare.md; adasind_199770.jpg,rework,v1.0.0,"Đây là xe máy thứ hai trong cụm xe đậu (x≈112-146), đã bị tôi gộp vào box L3. Rework cùng dòng L3+R5."
r3_diag,B3-dense,adasind_167700.jpg,L2+R6,LR_noM,MISSING,E4_model_domain,P2,ai_team,R04,submission/r3_diag/model_compare.md; adasind_167700.jpg,keep_with_reason,v1.0.0,"Model M8 gộp hai chiếc auto thành một Truck (23-267); cùng mẫu ThreeWheeler→Truck/Car của model (4 ca trong slice: 167700 M8; 199770 M7, M8, M12). Nhãn của L đúng, giữ nguyên."
r3_diag,B3-dense,adasind_167700.jpg,L5+R9,LR_noM,MISSING,E4_model_domain,P2,ai_team,R02,submission/r3_diag/model_compare.md; adasind_167700.jpg,keep_with_reason,v1.0.0,"Model có thấy xe đạp, nhưng M5 chỉ bao phần bánh dưới (313-352,1011-1111) nên IoU với R không đạt ngưỡng. Lỗi box một phần này lặp lại ở M11 và 199770 M2: model định vị kém trên vật bị che. Giữ L."
r3_diag,B3-dense,adasind_167700.jpg,L1,L_only,SPURIOUS,E1_annotator_error,P1,annotator,R04,submission/r3_diag/model_compare.md; adasind_167700.jpg,rework,v1.0.0,Cùng vật với R7 (xe tải nhỏ): tôi gán sai là Car và box quá hẹp. Rework cùng dòng r1_craft L1+R7.
r3_diag,B3-dense,adasind_167700.jpg,L3,L_only,SPURIOUS,E0_reference_defect,P1,qa,R01,submission/r3_diag/model_compare.md; adasind_167700.jpg,keep_with_reason,v1.0.0,Chiếc auto thứ hai có mui riêng nhưng reference không box riêng. Giữ box; xem dòng r1_craft L3.
r3_diag,B3-dense,adasind_167700.jpg,R7,R_only,MISSING,E1_annotator_error,P1,annotator,R04,submission/r3_diag/model_compare.md; adasind_167700.jpg,rework,v1.0.0,"Xe tải nhỏ cao 54 px: L gán Car, model không bắt được. Rework nhãn L thành Truck."
r3_diag,B3-dense,adasind_167700.jpg,M5,M_only,SPURIOUS,E4_model_domain,P2,ai_team,R02,submission/r3_diag/model_compare.md; adasind_167700.jpg,keep_with_reason,v1.0.0,"Box một phần của chiếc xe đạp bị người áo xanh che (xem dòng L5+R9). Chỉ ghi nhận, không sửa L."
r3_diag,B3-dense,adasind_167700.jpg,M8,M_only,SPURIOUS,E4_model_domain,P2,ai_team,R04,submission/r3_diag/model_compare.md; adasind_167700.jpg,keep_with_reason,v1.0.0,"ThreeWheeler bị gán thành Truck; cùng mẫu ThreeWheeler→Truck/Car của model (4 ca trong slice: 167700 M8; 199770 M7, M8, M12). Chuyển cho ai_team theo 45_review_plan."
r3_diag,B3-dense,adasind_199770.jpg,L6+R8,LR_noM,MISSING,E4_model_domain,P2,ai_team,R04,submission/r3_diag/model_compare.md; adasind_199770.jpg,keep_with_reason,v1.0.0,"Model M12 gán chiếc auto che dù thành Car; cùng mẫu ThreeWheeler→Truck/Car của model (4 ca trong slice: 167700 M8; 199770 M7, M8, M12). L và R đều đúng."
r3_diag,B3-dense,adasind_199770.jpg,L2+R2,LR_noM,MISSING,E4_model_domain,P2,ai_team,R04,submission/r3_diag/model_compare.md; adasind_199770.jpg,keep_with_reason,v1.0.0,"Chiếc auto bị cắt ở mép trái (vùng edge) bị model M8 gán thành Car; cùng mẫu ThreeWheeler→Truck/Car của model (4 ca trong slice: 167700 M8; 199770 M7, M8, M12). L và R đều đúng."
r3_diag,B3-dense,adasind_199770.jpg,L3+M5,LM_noR,SPURIOUS,E1_annotator_error,P1,annotator,R01,submission/r3_diag/model_compare.md; adasind_199770.jpg,rework,v1.0.0,"Cả L và M đều gộp hai xe máy đậu vào một box. Reference tách làm hai, và ảnh phóng to cũng cho thấy hai xe riêng. Rework."
r3_diag,B3-dense,adasind_199770.jpg,L4+M6,LM_noR,SPURIOUS,E1_annotator_error,P1,annotator,R04,submission/r3_diag/model_compare.md; adasind_199770.jpg,rework,v1.0.0,"L và M cùng gán Car, R gán Truck. Ảnh phóng to cho thấy cabin với hàng phủ bạt trên nóc nên đây là Truck. L và M trùng nhau không có nghĩa là đúng. Rework."
r3_diag,B3-dense,adasind_199770.jpg,L5,L_only,SPURIOUS,E1_annotator_error,P1,annotator,R04,submission/r3_diag/model_compare.md; adasind_199770.jpg,rework,v1.0.0,"Khối mái vòm là xe đẩy/quầy hàng, không phải ThreeWheeler. Xóa khi rework."
r3_diag,B3-dense,adasind_199770.jpg,R4,R_only,MISSING,E1_annotator_error,P1,annotator,R04,submission/r3_diag/model_compare.md; adasind_199770.jpg,rework,v1.0.0,"Xe ba bánh sát mép phải bị tôi gán thành Bike (model gán Truck, M7). Rework thành ThreeWheeler."
r3_diag,B3-dense,adasind_199770.jpg,R5,R_only,MISSING,E1_annotator_error,P1,annotator,R01,submission/r3_diag/model_compare.md; adasind_199770.jpg,rework,v1.0.0,Xe máy thứ nhất trong cụm xe đậu; tách khỏi box gộp khi rework.
r3_diag,B3-dense,adasind_199770.jpg,R6,R_only,MISSING,E1_annotator_error,P1,annotator,R01,submission/r3_diag/model_compare.md; adasind_199770.jpg,rework,v1.0.0,Xe máy thứ hai trong cụm xe đậu; thêm box riêng khi rework.
r3_diag,B3-dense,adasind_199770.jpg,R7,R_only,MISSING,E1_annotator_error,P1,annotator,R04,submission/r3_diag/model_compare.md; adasind_199770.jpg,rework,v1.0.0,Xe tải nhỏ bị cả L và M gán thành Car; rework thành Truck.
r3_diag,B3-dense,adasind_199770.jpg,M4,M_only,SPURIOUS,E0_reference_defect,P0,qa,R07,submission/r3_diag/model_compare.md; adasind_199770.jpg,escalate,v1.0.0,"Model báo Pedestrian lên người lái áo caro bên trái, tức thân xe ego. L đã che vùng này bằng ego_body; reference không có polygon ego bên trái nên box của M bị tính vào phép đếm. Đây là lỗi phạm vi của reference (ticket 30). Model bắt người lái ego cũng là mẫu E4, xem 145860 M3."
r3_diag,B3-dense,adasind_199770.jpg,M8,M_only,SPURIOUS,E4_model_domain,P2,ai_team,R04,submission/r3_diag/model_compare.md; adasind_199770.jpg,keep_with_reason,v1.0.0,"Chiếc auto bị cắt ở mép trái bị gán thành Car; cùng mẫu ThreeWheeler→Truck/Car của model (4 ca trong slice: 167700 M8; 199770 M7, M8, M12)."
r3_diag,B3-dense,adasind_199770.jpg,M9,M_only,SPURIOUS,E5_unresolved,P2,qa,R01,submission/r3_diag/model_compare.md; adasind_199770.jpg,keep_with_reason,v1.0.0,"Bóng tối mảnh (351-367,830-886), cao 56 px, sát chiếc auto che dù. Có thể là người đứng, cũng có thể là cột của quầy hàng. L và R đều không box. Chưa đủ bằng chứng; bước kiểm tiếp theo là xem các frame video liền kề để biết vật này có chuyển động không."
r3_diag,B3-dense,adasind_199770.jpg,M11,M_only,SPURIOUS,E4_model_domain,P2,ai_team,R03,submission/r3_diag/model_compare.md; adasind_199770.jpg,keep_with_reason,v1.0.0,"Box một phần (x≈676-705) nằm trên thân người áo trắng, mà người này đã được một box M khác bắt trọn. Đây là mẫu detection trùng hoặc một phần trong cảnh đông, giống M5 ở 167700."
r3_diag,B3-dense,adasind_199770.jpg,M12,M_only,SPURIOUS,E4_model_domain,P2,ai_team,R04,submission/r3_diag/model_compare.md; adasind_199770.jpg,keep_with_reason,v1.0.0,"Chiếc auto che dù bị gán thành Car; cùng mẫu ThreeWheeler→Truck/Car của model (4 ca trong slice: 167700 M8; 199770 M7, M8, M12)."
r3_diag,B3-dense,adasind_199770.jpg,M13,M_only,SPURIOUS,E1_annotator_error,P1,annotator,R01,submission/r3_diag/model_compare.md; adasind_199770.jpg,rework,v1.0.0,"Tăng sáng vùng hiên (720-810,820-940) thì thấy một người áo trắng, quần tối, đứng ở x≈752-776, cao khoảng 74 px. Cả tôi và reference đều bỏ sót vì vùng này tối. Rework: thêm Pedestrian (752,849,776,923)."
rework,B3-dense,adasind_145860.jpg,L2,na,IGNORE_SCOPE,E2_guideline_gap,P2,guideline,R06,submission/rework/compare.md; submission/rework/delta.md; adasind_145860.jpg,keep_with_reason,v1.0.0,Không đổi so với r1_craft: xe vàng cao 58 px vẫn nằm trong vùng ignore unreadable của reference. Chờ ngưỡng unreadable trong 20_guideline_patch.
rework,B3-dense,adasind_167700.jpg,L10,na,IGNORE_SCOPE,E0_reference_defect,P0,qa,R07,submission/rework/compare.md; submission/rework/delta.md; adasind_167700.jpg,escalate,v1.0.0,Không đổi: người phụ nữ trùm khăn vẫn nằm trong hình chữ nhật ego_body của reference. Không sửa nhãn đúng chỉ để khớp số; xem 30_escalation_ticket.md.
rework,B3-dense,adasind_167700.jpg,L3,na,SPURIOUS,E0_reference_defect,P1,qa,R01,submission/rework/compare.md; submission/rework/delta.md; adasind_167700.jpg,keep_with_reason,v1.0.0,"Giữ chiếc auto thứ hai (x≈190-252, mui riêng). Reference không có box riêng cho xe này nên nó vẫn được tính là SPURIOUS sau rework; con số này phản ánh lỗi của reference."
rework,B3-dense,adasind_199770.jpg,L1,na,IGNORE_SCOPE,E0_reference_defect,P0,qa,R07,submission/rework/compare.md; submission/rework/delta.md; adasind_199770.jpg,escalate,v1.0.0,"ThreeWheeler mới (925,818)-(1080,1305) thay cho Bike cũ. So với R4, IoU≈0.60, nhưng box nằm ≥50% trong hình chữ nhật ego_body của reference nên bị loại khỏi phép so. Vì vậy delta vẫn báo R4 'chưa sửa'. Sửa ignore theo 30_escalation_ticket.md thì cặp này sẽ ghép được."
rework,B3-dense,adasind_199770.jpg,L2,na,IGNORE_SCOPE,E0_reference_defect,P0,qa,R07,submission/rework/compare.md; submission/rework/delta.md; adasind_199770.jpg,escalate,v1.0.0,Pedestrian mới cho cái chân đi dép đứng ngoài mép phải (model M2 cũng thấy). Box nằm trong hình chữ nhật ego_body của reference nên bị bỏ qua; xem 30_escalation_ticket.md.
rework,B3-dense,adasind_199770.jpg,L11,na,IGNORE_SCOPE,E0_reference_defect,P0,qa,R09,submission/rework/compare.md; submission/rework/delta.md; adasind_199770.jpg,escalate,v1.0.0,"Tên cũ là L10 ở r1_craft (người trong hiên tối). Box vẫn nằm trong ignore ego_body của reference; ca này vẫn E5 về việc có phải người không, và đang chờ người soát chéo."
rework,B3-dense,adasind_199770.jpg,L12,na,SPURIOUS,E0_reference_defect,P1,qa,R01,submission/rework/compare.md; submission/rework/delta.md; adasind_199770.jpg,keep_with_reason,v1.0.0,"Pedestrian (752,849)-(776,923) mới thêm ở rework theo dòng r3_diag M13: tăng sáng thấy người áo trắng cao khoảng 74 px, model cũng bắt được. Reference thiếu người này nên box bị tính SPURIOUS. Giữ box."
rework,B3-dense,adasind_199770.jpg,R4,na,MISSING,E0_reference_defect,P0,qa,R07,submission/rework/compare.md; submission/rework/delta.md; adasind_199770.jpg,escalate,v1.0.0,"Đã rework thành ThreeWheeler (v2 L1). Nó vẫn báo MISSING chỉ vì box của tôi nằm trong vùng ignore ego_body do chính reference vẽ quanh R4. Đây là lỗi phạm vi của reference, không phải nhãn còn thiếu."
